{"empresa": {"empleat": [
    {
        "num": 1,
        "sou": 1000,
        "nom": "Andreu",
        "edat": 32,
        "departament": 10
    },
    {
        "num": 2,
        "sou": 1200,
        "nom": "Bernat",
        "edat": 28,
        "departament": 20
    },
    {
        "num": 3,
        "sou": 1100,
        "nom": "Clàudia",
        "edat": 26,
        "departament": 10
    },
    {
        "num": 4,
        "sou": 1500,
        "nom": "Damià",
        "edat": 40,
        "departament": 10
    }
]}}