{
  "rutes": [
    {
      "desnivell": 530,
      "desnivellAcumulat": 530,
      "llistaDePunts": [
        {
          "coord": {
            "latitud": 40.251036,
            "longitud": -0.354223
          },
          "nom": "Sant Joan"
        },
        {
          "coord": {
            "latitud": 40.25156,
            "longitud": -0.352507
          },
          "nom": "Encreuament"
        },
        {
          "coord": {
            "latitud": 40.247318,
            "longitud": -0.351713
          },
          "nom": "Barranc de la Pegunta"
        },
        {
          "coord": {
            "latitud": 40.231708,
            "longitud": -0.348859
          },
          "nom": "El Corralico"
        },
        {
          "coord": {
            "latitud": 40.222632,
            "longitud": -0.350339
          },
          "nom": "Penyagolosa"
        }
      ],
      "nom": "Pujada a Penyagolosa"
    },
    {
      "desnivell": 51,
      "desnivellAcumulat": 84,
      "llistaDePunts": [
        {
          "coord": {
            "latitud": 39.99385,
            "longitud": -0.032941
          },
          "nom": "Primer Molí"
        },
        {
          "coord": {
            "latitud": 39.99628,
            "longitud": -0.029427
          },
          "nom": "Segon Molí"
        },
        {
          "coord": {
            "latitud": 40.00513,
            "longitud": -0.022569
          },
          "nom": "Caminàs"
        },
        {
          "coord": {
            "latitud": 40.006765,
            "longitud": -0.02237
          },
          "nom": "Riu Sec"
        },
        {
          "coord": {
            "latitud": 40.017906,
            "longitud": -0.02289
          },
          "nom": "Sant Roc"
        },
        {
          "coord": {
            "latitud": 40.034048,
            "longitud": -0.00633
          },
          "nom": "Explanada"
        },
        {
          "coord": {
            "latitud": 40.034519,
            "longitud": -0.005856
          },
          "nom": "La Magdalena"
        }
      ],
      "nom": "La Magdalena"
    }
  ]
}