<?xml version='1.0' encoding='utf-8'?>
<!DOCTYPE hibernate-configuration PUBLIC
    "-//Hibernate/Hibernate Configuration DTD//EN"
    "http://www.hibernate.org/dtd/hibernate-configuration-3.0.dtd">
<hibernate-configuration>
  <session-factory>
    <property name="connection.url">jdbc:postgresql://89.36.214.106:5432/geo_ad</property>
    <property name="connection.driver_class">org.postgresql.Driver</property>
    <property name="connection.username">geo_ad</property>
    <property name="connection.password">geo_ad</property>

    <!-- DB schema will be updated if needed -->
    <property name="hibernate.hbm2ddl.auto">update</property>

    <!-- Configuración adicional -->
    <property name="hibernate.show_sql">false</property>
    <property name="hibernate.format_sql">true</property>
    <property name="hibernate.package_scanner">classes</property>


    <!-- Dialecto de PostgreSQL -->
    <property name="hibernate.dialect">org.hibernate.dialect.PostgreSQLDialect</property>

    <mapping class="classes.Comarca"/>
    <mapping class="classes.Institut"/>
    <mapping class="classes.Poblacio"/>
  </session-factory>
</hibernate-configuration>